-- phpMyAdmin SQL Dump
-- version 5.2.1
-- https://www.phpmyadmin.net/
--
-- Host: 127.0.0.1
-- Generation Time: Mar 07, 2024 at 09:14 AM
-- Server version: 10.4.32-MariaDB
-- PHP Version: 8.2.12

SET SQL_MODE = "NO_AUTO_VALUE_ON_ZERO";
START TRANSACTION;
SET time_zone = "+00:00";


/*!40101 SET @OLD_CHARACTER_SET_CLIENT=@@CHARACTER_SET_CLIENT */;
/*!40101 SET @OLD_CHARACTER_SET_RESULTS=@@CHARACTER_SET_RESULTS */;
/*!40101 SET @OLD_COLLATION_CONNECTION=@@COLLATION_CONNECTION */;
/*!40101 SET NAMES utf8mb4 */;

--
-- Database: `gallery_baru`
--

-- --------------------------------------------------------

--
-- Table structure for table `album`
--

CREATE TABLE `album` (
  `albumid` int(11) NOT NULL,
  `namaalbum` varchar(255) NOT NULL,
  `deskripsi` text NOT NULL,
  `tanggaldibuat` date NOT NULL,
  `userid` int(11) NOT NULL
) ENGINE=InnoDB DEFAULT CHARSET=utf8mb4 COLLATE=utf8mb4_general_ci;

--
-- Dumping data for table `album`
--

INSERT INTO `album` (`albumid`, `namaalbum`, `deskripsi`, `tanggaldibuat`, `userid`) VALUES
(10, 'album baru', 'jj', '2024-03-07', 4),
(11, 'album ebes', 'jj', '2024-03-07', 2),
(12, 'album baru', 'baru', '2024-03-07', 1);

-- --------------------------------------------------------

--
-- Table structure for table `foto`
--

CREATE TABLE `foto` (
  `fotoid` int(11) NOT NULL,
  `judulfoto` varchar(255) NOT NULL,
  `deskripsifoto` text NOT NULL,
  `tanggalunggah` date NOT NULL,
  `lokasifile` varchar(255) NOT NULL,
  `albumid` int(11) NOT NULL,
  `userid` int(11) NOT NULL
) ENGINE=InnoDB DEFAULT CHARSET=utf8mb4 COLLATE=utf8mb4_general_ci;

--
-- Dumping data for table `foto`
--

INSERT INTO `foto` (`fotoid`, `judulfoto`, `deskripsifoto`, `tanggalunggah`, `lokasifile`, `albumid`, `userid`) VALUES
(15, 'hayabusa', 'skin', '2024-03-07', '757964578_hayabusa.jpg', 10, 4),
(16, 'gusion', 'skin', '2024-03-07', '182811920_gusion.jpg', 11, 2),
(17, 'hanabi', 'skin', '2024-03-07', '2085614105_hanabi.jpg', 12, 1);

-- --------------------------------------------------------

--
-- Table structure for table `komentarfoto`
--

CREATE TABLE `komentarfoto` (
  `komentarid` int(11) NOT NULL,
  `fotoid` int(11) NOT NULL,
  `userid` int(11) NOT NULL,
  `isikomentar` text NOT NULL,
  `tanggalkomentar` date NOT NULL
) ENGINE=InnoDB DEFAULT CHARSET=utf8mb4 COLLATE=utf8mb4_general_ci;

--
-- Dumping data for table `komentarfoto`
--

INSERT INTO `komentarfoto` (`komentarid`, `fotoid`, `userid`, `isikomentar`, `tanggalkomentar`) VALUES
(9, 15, 4, 'kece', '2024-03-07'),
(10, 15, 1, 'skin starlight tahunan', '2024-03-07'),
(11, 16, 2, 'skin11.11', '2024-03-07'),
(12, 17, 2, 'wow', '2024-03-07'),
(13, 17, 2, 'wow', '2024-03-07');

-- --------------------------------------------------------

--
-- Table structure for table `likefoto`
--

CREATE TABLE `likefoto` (
  `likeid` int(11) NOT NULL,
  `fotoid` int(11) NOT NULL,
  `userid` int(11) NOT NULL,
  `tanggallike` date NOT NULL
) ENGINE=InnoDB DEFAULT CHARSET=utf8mb4 COLLATE=utf8mb4_general_ci;

--
-- Dumping data for table `likefoto`
--

INSERT INTO `likefoto` (`likeid`, `fotoid`, `userid`, `tanggallike`) VALUES
(15, 15, 1, '2024-03-07'),
(16, 15, 2, '2024-03-07'),
(17, 16, 2, '2024-03-07'),
(18, 17, 1, '2024-03-07'),
(19, 17, 2, '2024-03-07');

-- --------------------------------------------------------

--
-- Table structure for table `user`
--

CREATE TABLE `user` (
  `userid` int(11) NOT NULL,
  `username` varchar(255) NOT NULL,
  `password` varchar(255) NOT NULL,
  `email` varchar(255) NOT NULL,
  `namalengkap` varchar(255) NOT NULL,
  `alamat` text NOT NULL
) ENGINE=InnoDB DEFAULT CHARSET=utf8mb4 COLLATE=utf8mb4_general_ci;

--
-- Dumping data for table `user`
--

INSERT INTO `user` (`userid`, `username`, `password`, `email`, `namalengkap`, `alamat`) VALUES
(1, 'user1', '12345', 'user1@gmail.com', 'User 01', 'Kajen'),
(2, 'irfan', '54321', 'gghj@gmail.com', 'dhiya', 'bekasi'),
(3, 'saya', '123456789', 'gghj@gmail.com', '', 'bekasi'),
(4, 'hadi', '987654321', 'eror@gmail.com', 'abdul', 'jakarta');

--
-- Indexes for dumped tables
--

--
-- Indexes for table `album`
--
ALTER TABLE `album`
  ADD PRIMARY KEY (`albumid`),
  ADD KEY `userid` (`userid`);

--
-- Indexes for table `foto`
--
ALTER TABLE `foto`
  ADD PRIMARY KEY (`fotoid`),
  ADD KEY `albumid` (`albumid`),
  ADD KEY `userid` (`userid`);

--
-- Indexes for table `komentarfoto`
--
ALTER TABLE `komentarfoto`
  ADD PRIMARY KEY (`komentarid`),
  ADD KEY `fotoid` (`fotoid`),
  ADD KEY `userid` (`userid`);

--
-- Indexes for table `likefoto`
--
ALTER TABLE `likefoto`
  ADD PRIMARY KEY (`likeid`),
  ADD KEY `fotoid` (`fotoid`),
  ADD KEY `userid` (`userid`);

--
-- Indexes for table `user`
--
ALTER TABLE `user`
  ADD PRIMARY KEY (`userid`);

--
-- AUTO_INCREMENT for dumped tables
--

--
-- AUTO_INCREMENT for table `album`
--
ALTER TABLE `album`
  MODIFY `albumid` int(11) NOT NULL AUTO_INCREMENT, AUTO_INCREMENT=13;

--
-- AUTO_INCREMENT for table `foto`
--
ALTER TABLE `foto`
  MODIFY `fotoid` int(11) NOT NULL AUTO_INCREMENT, AUTO_INCREMENT=18;

--
-- AUTO_INCREMENT for table `komentarfoto`
--
ALTER TABLE `komentarfoto`
  MODIFY `komentarid` int(11) NOT NULL AUTO_INCREMENT, AUTO_INCREMENT=14;

--
-- AUTO_INCREMENT for table `likefoto`
--
ALTER TABLE `likefoto`
  MODIFY `likeid` int(11) NOT NULL AUTO_INCREMENT, AUTO_INCREMENT=20;

--
-- AUTO_INCREMENT for table `user`
--
ALTER TABLE `user`
  MODIFY `userid` int(11) NOT NULL AUTO_INCREMENT, AUTO_INCREMENT=5;

--
-- Constraints for dumped tables
--

--
-- Constraints for table `album`
--
ALTER TABLE `album`
  ADD CONSTRAINT `album_ibfk_1` FOREIGN KEY (`userid`) REFERENCES `user` (`userid`) ON DELETE CASCADE ON UPDATE CASCADE;

--
-- Constraints for table `foto`
--
ALTER TABLE `foto`
  ADD CONSTRAINT `foto_ibfk_1` FOREIGN KEY (`albumid`) REFERENCES `album` (`albumid`) ON DELETE CASCADE ON UPDATE CASCADE,
  ADD CONSTRAINT `foto_ibfk_2` FOREIGN KEY (`userid`) REFERENCES `user` (`userid`) ON DELETE CASCADE ON UPDATE CASCADE;

--
-- Constraints for table `komentarfoto`
--
ALTER TABLE `komentarfoto`
  ADD CONSTRAINT `komentarfoto_ibfk_1` FOREIGN KEY (`userid`) REFERENCES `user` (`userid`) ON DELETE CASCADE ON UPDATE CASCADE,
  ADD CONSTRAINT `komentarfoto_ibfk_2` FOREIGN KEY (`fotoid`) REFERENCES `foto` (`fotoid`) ON DELETE CASCADE ON UPDATE CASCADE;

--
-- Constraints for table `likefoto`
--
ALTER TABLE `likefoto`
  ADD CONSTRAINT `likefoto_ibfk_1` FOREIGN KEY (`userid`) REFERENCES `user` (`userid`) ON DELETE CASCADE ON UPDATE CASCADE,
  ADD CONSTRAINT `likefoto_ibfk_2` FOREIGN KEY (`fotoid`) REFERENCES `foto` (`fotoid`) ON DELETE CASCADE ON UPDATE CASCADE;
COMMIT;

/*!40101 SET CHARACTER_SET_CLIENT=@OLD_CHARACTER_SET_CLIENT */;
/*!40101 SET CHARACTER_SET_RESULTS=@OLD_CHARACTER_SET_RESULTS */;
/*!40101 SET COLLATION_CONNECTION=@OLD_COLLATION_CONNECTION */;
